City_ID,City,Lat,Lng,Max Temp,Humidity,Cloudiness,Wind Speed,Current Description
0,Sao Filipe,14.8961,-24.4956,76.14,57,68,13.47,broken clouds
1,Bengkulu,-3.8004,102.2655,76.5,90,100,4.72,overcast clouds
2,Ushuaia,-54.8,-68.3,39.65,91,100,30.62,light rain
3,Busselton,-33.65,115.3333,64.04,73,0,12.03,clear sky
4,Puerto Ayora,-0.7393,-90.3518,82.36,85,100,7.0,overcast clouds
5,Bredasdorp,-34.5322,20.0403,69.28,78,91,12.66,light rain
6,Rongcheng,30.634,117.8517,42.6,93,100,0.49,overcast clouds
7,Pevek,69.7008,170.3133,-17.28,98,100,9.04,overcast clouds
8,Aklavik,68.2191,-135.0107,-26.57,68,75,3.44,broken clouds
9,Port Alfred,-33.5906,26.891,73.06,85,94,7.58,overcast clouds
10,Kruisfontein,-34.0033,24.7314,65.84,91,4,7.16,clear sky
11,Lola,7.8,-8.5333,80.85,33,88,0.4,overcast clouds
12,Dikson,73.5069,80.5464,-3.8,87,100,25.75,overcast clouds
13,Comodoro Rivadavia,-45.8667,-67.5,91.26,21,20,14.97,few clouds
14,Jamestown,42.097,-79.2353,22.64,31,100,9.22,overcast clouds
15,Adrar,20.5022,-10.0711,68.4,17,10,10.33,clear sky
16,Bluff,-46.6,168.3333,43.81,89,10,6.58,clear sky
17,Rikitea,-23.1203,-134.9692,78.12,73,100,12.66,overcast clouds
18,Kodiak,57.79,-152.4072,26.11,93,0,6.91,clear sky
19,Zyryanka,65.75,150.85,-32.62,95,35,7.09,scattered clouds
20,Havoysund,70.9963,24.6622,22.08,85,100,10.2,light snow
21,Halifax,44.6453,-63.5724,33.8,74,100,5.99,overcast clouds
22,Barrow,71.2906,-156.7887,-29.18,100,0,8.05,clear sky
23,Puerto Narino,-3.7703,-70.3831,76.95,97,100,4.09,light rain
24,Mahebourg,-20.4081,57.7,81.25,83,40,10.36,scattered clouds
25,Half Moon Bay,37.4636,-122.4286,75.72,61,0,3.44,haze
26,Raduzhnyy,62.0961,77.475,-3.51,97,75,8.68,broken clouds
27,Mataura,-46.1927,168.8643,43.48,99,26,2.15,scattered clouds
28,Rio Grande,-32.035,-52.0986,82.51,44,0,12.46,clear sky
29,Katsuura,35.1333,140.3,38.1,97,100,31.65,moderate rain
30,Dezhou,37.4486,116.2925,27.28,87,98,9.35,overcast clouds
31,Aden,12.7794,45.0367,76.71,69,8,7.52,clear sky
32,Tasiilaq,65.6145,-37.6368,13.39,71,100,9.01,overcast clouds
33,Dwarka,22.2394,68.9678,70.38,61,0,10.0,clear sky
34,Victoria,22.2855,114.1577,61.95,88,100,5.99,light rain
35,Yulara,-25.2406,130.9889,71.44,30,1,8.05,clear sky
36,Dongsheng,39.8161,109.9776,6.78,64,26,3.02,scattered clouds
37,Nikolskoye,59.7035,30.7861,32.88,92,100,12.91,snow
38,Bambanglipuro,-7.95,110.2833,62.6,94,100,4.43,heavy intensity rain
39,Champerico,14.3,-91.9167,93.76,56,1,9.46,clear sky
40,Hobart,-42.8794,147.3294,62.46,82,100,14.97,overcast clouds
41,Brae,60.3964,-1.353,42.71,87,100,9.28,overcast clouds
42,Piacabucu,-10.4056,-36.4344,84.99,65,97,15.79,overcast clouds
43,Olafsvik,64.8945,-23.7142,27.72,92,100,9.04,light snow
44,Christchurch,-43.5333,172.6333,53.01,90,100,4.61,overcast clouds
45,Tessalit,20.1986,1.0114,70.61,14,0,11.05,clear sky
46,Saint George,37.1041,-113.5841,67.53,23,0,4.0,clear sky
47,Georgetown,5.4112,100.3354,79.9,88,40,7.0,moderate rain
48,Grindavik,63.8424,-22.4338,28.87,93,75,5.75,light snow
49,Daru,-9.0763,143.2092,79.0,79,53,9.75,broken clouds
50,Ninghai,29.2892,121.4247,45.73,93,100,5.5,light rain
51,Aranos,-24.1333,19.1167,69.8,70,100,8.43,light rain
52,Salalah,17.0151,54.0924,75.11,46,0,10.18,clear sky
53,Riyadh,24.6877,46.7219,59.14,29,0,7.76,clear sky
54,Butaritari,3.0707,172.7902,81.77,75,74,12.86,broken clouds
55,Cedral,23.8,-100.7333,56.16,56,100,9.31,overcast clouds
56,East London,-33.0153,27.9116,72.54,94,75,8.05,broken clouds
57,Cape Town,-33.9258,18.4232,70.21,81,20,20.71,few clouds
58,Tuktoyaktuk,69.4541,-133.0374,-34.6,67,40,5.75,scattered clouds
59,Nanortalik,60.1432,-45.2371,29.39,80,100,8.59,overcast clouds
60,New Norfolk,-42.7826,147.0587,62.1,64,100,0.51,overcast clouds
61,Padang,-0.9492,100.3543,76.75,84,100,3.44,overcast clouds
62,Devonport,-41.1667,146.35,58.01,91,78,5.3,broken clouds
63,Port Elizabeth,-33.918,25.5701,70.09,83,100,14.97,overcast clouds
64,Newburn,54.9876,-1.7442,48.16,96,75,5.75,broken clouds
65,Hithadhoo,-0.6,73.0833,82.26,76,36,10.0,scattered clouds
66,Carnarvon,-24.8667,113.6333,78.87,83,4,8.05,clear sky
67,Mishelevka,52.8575,103.1719,-26.64,100,98,2.06,overcast clouds
68,Bethel,41.3712,-73.414,31.68,74,100,9.22,snow
69,Sitka,57.0531,-135.33,35.49,87,100,0.0,overcast clouds
70,Kungurtug,50.5994,97.5228,-19.14,97,100,1.68,overcast clouds
71,Vardo,70.3705,31.1107,24.78,68,0,19.57,clear sky
72,Qaanaaq,77.484,-69.3632,-8.12,91,100,0.72,overcast clouds
73,Albany,42.6001,-73.9662,26.55,55,100,1.01,overcast clouds
74,Naze,28.3667,129.4833,59.02,93,100,15.59,light rain
75,Zhangye,38.9342,100.4517,26.33,46,98,2.55,overcast clouds
76,Vaini,-21.2,-175.2,78.96,89,40,5.75,scattered clouds
77,Hermanus,-34.4187,19.2345,72.9,84,16,15.86,few clouds
78,Blagoyevo,63.3667,47.9167,5.52,100,87,3.56,overcast clouds
79,Faanui,-16.4833,-151.75,80.92,75,100,15.46,light rain
80,Bodden Town,19.2833,-81.25,82.4,76,75,4.61,broken clouds
81,Chaumont,48.1167,5.1333,48.85,74,100,20.04,overcast clouds
82,Martapura,-3.4167,114.85,77.09,94,100,3.44,overcast clouds
83,Rocha,-34.4833,-54.3333,68.79,46,2,17.6,clear sky
84,Ryotsu,38.0833,138.4333,36.37,69,100,11.07,overcast clouds
85,Elizabeth City,36.2946,-76.2511,45.01,66,100,25.32,overcast clouds
86,Srednekolymsk,67.45,153.6833,-33.14,99,18,6.29,few clouds
87,Tazovskiy,67.4667,78.7,-9.89,96,18,10.6,few clouds
88,Mogadishu,2.0371,45.3438,77.59,81,100,17.47,overcast clouds
89,Taldan,53.6667,124.8,-3.96,99,100,2.82,overcast clouds
90,Angoche,-16.2325,39.9086,79.47,82,14,2.42,few clouds
91,Vanimo,-2.6741,141.3028,77.68,88,99,6.15,overcast clouds
92,Pangnirtung,66.1451,-65.7125,-29.2,75,0,9.22,clear sky
93,Khani,41.9563,42.9566,33.37,89,75,4.81,broken clouds
94,Bambous Virieux,-20.3428,57.7575,81.21,83,40,10.36,light rain
95,Hambantota,6.1241,81.1185,75.96,81,100,12.17,overcast clouds
96,Kapaa,22.0752,-159.319,76.98,82,40,13.8,light rain
97,Bogashevo,56.3683,85.1447,10.98,78,40,6.71,light shower snow
98,Klaksvik,62.2266,-6.589,34.72,67,100,30.56,overcast clouds
99,Warmbad,-28.45,18.7333,89.85,29,9,4.81,clear sky
100,Buraydah,26.326,43.975,55.85,26,0,6.31,clear sky
101,Hilo,19.7297,-155.09,75.11,79,5,1.01,clear sky
102,Yellowknife,62.456,-114.3525,-14.71,79,75,2.3,broken clouds
103,Chokurdakh,70.6333,147.9167,-3.62,97,100,10.47,overcast clouds
104,Hilton Head Island,32.2163,-80.7526,65.08,65,75,8.05,broken clouds
105,Neuquen,-38.9516,-68.0591,89.49,18,0,5.75,clear sky
106,Deoband,29.7,77.6833,52.9,66,0,4.23,clear sky
107,Bathsheba,13.2167,-59.5167,75.81,88,75,9.22,broken clouds
108,Xining,36.6167,101.7667,10.83,75,17,1.99,few clouds
109,Talaya,61.3833,152.75,-40.85,100,79,1.52,broken clouds
110,Khatanga,71.9667,102.5,-24.18,93,89,3.15,overcast clouds
111,Port Hardy,50.6996,-127.4199,44.76,93,75,3.44,broken clouds
112,Fort Nelson,58.8053,-122.7002,-2.61,78,75,3.44,broken clouds
113,Dong Xoai,11.5333,106.9167,74.95,77,100,2.24,overcast clouds
114,Dingle,10.9995,122.6711,74.5,93,86,6.49,overcast clouds
115,Marawi,7.9986,124.2928,64.65,91,100,2.53,overcast clouds
116,Roald,62.5833,6.1333,43.16,87,75,8.05,broken clouds
117,Dhidhdhoo,6.8833,73.1,78.82,83,100,11.92,overcast clouds
118,Nacala,-14.5428,40.6728,77.11,91,23,0.81,few clouds
119,Bintulu,3.1667,113.0333,77.41,94,20,0.0,few clouds
120,Alofi,-19.0595,-169.9187,75.09,94,99,2.3,overcast clouds
121,Ribeira Grande,38.5167,-28.7,63.0,55,75,4.61,broken clouds
122,Ixtapa,20.7,-105.2,91.29,19,99,5.97,overcast clouds
123,Atuona,-9.8,-139.0333,77.49,79,25,14.81,light rain
124,Rapid Valley,44.0625,-103.1463,58.37,29,0,14.0,clear sky
125,San Lawrenz,36.0553,14.204,53.85,76,100,5.48,overcast clouds
126,Gornopravdinsk,60.05,69.9,5.49,96,100,2.89,light snow
127,Mainpuri,27.2333,79.0167,55.06,59,0,4.76,clear sky
128,Saint-Philippe,-21.3585,55.7679,80.19,87,33,8.28,scattered clouds
129,Kropotkin,45.4375,40.5756,32.99,73,0,6.44,clear sky
130,Ada,43.4166,-116.1262,38.66,69,0,4.0,clear sky
131,Joaima,-16.6542,-41.0306,84.36,62,23,2.48,few clouds
132,Bronnoysund,65.4625,12.1997,33.91,93,100,17.27,overcast clouds
133,Saint-Pierre,-21.3393,55.4781,80.28,83,20,16.11,few clouds
134,Qiongshan,20.0058,110.3542,62.58,94,75,11.18,broken clouds
135,Atar,20.5169,-13.0499,84.25,32,100,11.5,overcast clouds
136,Kajaani,64.2273,27.7285,30.25,100,100,9.22,overcast clouds
137,Luderitz,-26.6481,15.1594,75.31,62,0,13.0,clear sky
138,Kishtwar,33.3167,75.7667,40.26,72,99,4.05,overcast clouds
139,Waipawa,-41.4122,175.5153,54.23,85,100,11.23,overcast clouds
140,Chara,56.9064,118.2631,-24.77,86,91,0.51,overcast clouds
141,Namibe,-15.1961,12.1522,75.83,80,100,5.68,overcast clouds
142,Airai,-8.9266,125.4092,58.68,91,35,2.21,scattered clouds
143,Hamilton,39.1834,-84.5333,29.77,57,45,3.0,scattered clouds
144,Punta Arenas,-53.15,-70.9167,51.91,50,20,46.04,few clouds
145,Nybro,56.7446,15.9071,37.02,76,100,10.51,overcast clouds
146,Chuy,-33.6971,-53.4616,73.45,37,0,14.23,clear sky
147,Kwinana,-32.25,115.7667,82.74,62,15,5.28,few clouds
148,Saint-Joseph,-21.3667,55.6167,79.18,86,16,9.75,few clouds
149,Provideniya,64.3833,-173.3,-14.12,95,19,3.38,few clouds
150,Hasaki,35.7333,140.8333,34.29,96,100,32.48,overcast clouds
151,Castro,-24.7911,-50.0119,82.29,47,6,2.91,clear sky
152,Berlevag,70.8578,29.0864,19.4,87,100,11.77,light snow
153,Kavieng,-2.5744,150.7967,80.76,77,96,5.91,overcast clouds
154,Kununurra,-15.7667,128.7333,80.58,83,40,0.0,scattered clouds
155,Calama,-22.4667,-68.9333,75.49,14,94,18.54,overcast clouds
156,Nowogard,53.6744,15.1163,38.97,69,0,10.36,clear sky
157,Roseville,38.7521,-121.288,81.99,45,0,3.44,clear sky
158,Bonavista,48.6499,-53.1147,44.11,69,100,15.14,overcast clouds
159,Jumla,29.2747,82.1838,29.53,78,1,6.4,clear sky
160,Maceio,-9.6658,-35.7353,89.04,58,40,19.57,scattered clouds
161,Sajanan,37.0573,9.2426,54.52,85,100,5.95,overcast clouds
162,Tokonou,9.65,-9.7833,81.73,13,4,4.52,clear sky
163,Labuhan,-6.8844,112.2051,76.28,90,100,3.47,overcast clouds
164,Turayf,31.6725,38.6637,53.85,37,0,3.44,clear sky
165,Paamiut,61.994,-49.6678,13.68,94,100,19.19,light snow
166,Izumo,35.3667,132.7667,46.35,71,100,15.43,overcast clouds
167,Storforshei,66.4043,14.5233,22.78,100,75,2.3,broken clouds
168,Narsaq,60.9167,-46.05,25.52,91,100,7.72,overcast clouds
169,Moose Factory,51.2585,-80.6094,1.4,50,0,9.22,clear sky
170,Yumen,40.2833,97.2,28.35,40,100,13.31,overcast clouds
171,Requena,39.4883,-1.1004,51.51,69,99,8.81,overcast clouds
172,San Vicente,-26.6167,-54.1333,86.04,38,99,6.02,overcast clouds
173,Itarema,-2.9248,-39.9167,84.0,67,8,14.72,clear sky
174,Lahat,-3.8,103.5333,72.68,95,100,2.19,overcast clouds
175,Hami,42.8,93.45,27.19,51,98,5.64,overcast clouds
176,Mafinga,-7.25,35.0667,67.55,91,100,3.62,overcast clouds
177,Prieska,-29.6641,22.7474,86.43,19,29,5.14,scattered clouds
178,Weihai,37.5017,122.1136,36.5,76,100,5.59,light rain
179,Porecatu,-22.7558,-51.3792,93.27,49,77,2.77,broken clouds
180,Mana,5.6592,-53.7767,80.13,80,42,9.6,scattered clouds
181,Mar Del Plata,-38.0023,-57.5575,69.82,59,0,14.97,clear sky
182,Enugu,6.4402,7.4943,84.38,16,65,2.24,broken clouds
183,Torbay,47.6666,-52.7314,45.37,63,100,18.41,overcast clouds
184,Lebu,-37.6167,-73.65,66.11,72,87,12.8,overcast clouds
185,Sterling,39.0062,-77.4286,34.86,86,100,8.05,light snow
186,Cidreira,-30.1811,-50.2056,71.11,90,100,9.84,overcast clouds
187,Mount Gambier,-37.8333,140.7667,60.71,94,100,8.05,overcast clouds
188,Zhicheng,30.2956,111.5047,40.39,92,30,1.25,scattered clouds
189,Ponta Do Sol,32.6667,-17.1,63.12,61,92,2.68,overcast clouds
190,Portel,-1.9356,-50.8211,80.85,73,72,3.85,broken clouds
191,Kenai,60.5544,-151.2583,28.15,96,100,3.44,mist
192,Viedma,-40.8135,-62.9967,92.44,12,0,8.19,clear sky
193,Thompson,55.7435,-97.8558,-7.44,71,100,6.91,overcast clouds
194,Bouna,9.2667,-3.0,84.16,14,9,2.13,clear sky
195,Kahului,20.8947,-156.47,74.46,81,20,5.99,few clouds
196,Kaeo,-35.1,173.7833,59.32,94,66,4.25,broken clouds
197,Tura,25.5198,90.2201,54.75,69,0,4.47,clear sky
198,Avarua,-21.2078,-159.775,78.85,89,100,2.3,overcast clouds
199,Marsa Matruh,31.3525,27.2453,59.2,58,20,8.05,few clouds
200,Madimba,-10.4,40.3333,78.35,89,85,5.68,overcast clouds
201,Lerwick,60.1545,-1.1494,42.8,87,100,5.64,overcast clouds
202,Esperance,-33.8667,121.9,58.84,73,0,11.34,clear sky
203,Avera,33.194,-82.5271,58.66,25,11,16.42,few clouds
204,Maumere,-8.6199,122.2111,78.62,80,98,0.47,overcast clouds
205,Guerrero Negro,27.9769,-114.0611,77.85,24,18,4.03,few clouds
206,Kotido,2.9806,34.1331,80.35,29,65,13.53,broken clouds
207,Parintins,-2.6283,-56.7358,86.32,60,27,4.54,scattered clouds
208,Palana,59.1167,159.9667,-8.07,95,86,6.91,overcast clouds
209,Tarakan,3.3,117.6333,76.5,94,20,0.0,few clouds
210,Kalanwali,29.85,74.95,53.06,61,0,7.38,clear sky
211,Myitkyina,25.3833,97.4,53.01,70,0,2.66,clear sky
212,Olavarria,-36.8927,-60.3225,78.03,42,0,10.89,clear sky
213,Portland,45.5234,-122.6762,57.96,51,20,3.0,few clouds
214,Pacific Grove,36.6177,-121.9166,75.42,59,0,5.01,clear sky
215,Perleberg,53.0667,11.8667,42.89,78,100,11.03,overcast clouds
216,Kawalu,-7.3817,108.2082,72.52,95,100,1.81,overcast clouds
217,Vostok,46.4856,135.8833,2.08,99,100,0.83,overcast clouds
218,Sola,-13.8833,167.55,79.47,89,75,0.0,broken clouds
219,San Juan,-31.5375,-68.5364,85.87,23,0,5.88,clear sky
220,Taoudenni,22.6783,-3.9836,67.84,21,0,12.15,clear sky
221,Aska,19.6061,84.6725,61.47,56,30,2.28,scattered clouds
222,Tiebissou,7.1574,-5.2257,95.25,70,68,8.14,light rain
223,Petropavlovskaya,45.0819,40.4512,32.0,75,1,7.87,clear sky
224,Souillac,-20.5167,57.5167,81.36,83,40,10.36,scattered clouds
225,Hargeysa,9.56,44.065,60.94,74,65,7.78,broken clouds
226,Rorvik,64.8621,11.2373,33.91,86,75,17.27,broken clouds
227,Fare,-16.7,-151.0167,80.94,74,100,14.94,light rain
228,Cabedelo,-6.9811,-34.8339,88.47,68,6,11.07,clear sky
229,Benguela,-12.5763,13.4055,77.52,78,92,3.56,overcast clouds
230,Ust-Tsilma,65.441,52.1498,-1.53,99,59,3.98,broken clouds
231,Klyuchi,52.2667,79.1667,25.14,93,100,14.07,overcast clouds
232,Kavaratti,10.5669,72.642,80.76,72,37,6.62,scattered clouds
233,Ahipara,-35.1667,173.1667,63.81,68,69,9.1,broken clouds
234,Kichera,55.9375,110.0997,-15.61,77,2,5.93,clear sky
235,Cherskiy,68.75,161.3,-20.07,97,100,8.03,overcast clouds
236,Olympia,47.0379,-122.9007,52.23,72,0,3.44,clear sky
237,Pontianak,-0.0333,109.3333,76.98,94,75,1.14,broken clouds
238,Biloela,-24.4167,150.5,67.19,84,5,14.74,clear sky
239,Kazerun,29.6195,51.6541,54.05,48,0,6.13,clear sky
240,Esterhazy,50.65,-102.0843,25.65,85,100,23.55,overcast clouds
241,Korsakovo,53.2677,37.3569,21.69,90,100,12.39,overcast clouds
242,Boali,4.8005,18.1275,84.07,19,100,1.3,overcast clouds
243,College,64.8569,-147.8028,11.21,83,100,0.0,light snow
244,Saskylakh,71.9167,114.0833,-16.02,85,38,3.56,scattered clouds
245,Geraldton,-28.7667,114.6,73.81,88,100,6.91,overcast clouds
246,Ilulissat,69.2167,-51.1,16.45,76,100,10.51,overcast clouds
247,Kongolo,-5.3833,27.0,70.14,96,100,1.07,overcast clouds
248,Igarka,67.4667,86.5833,-10.93,89,10,7.72,clear sky
249,Biak,-0.9131,122.8766,75.16,85,100,2.77,overcast clouds
250,Palmer,42.1584,-72.3287,33.03,66,75,6.91,broken clouds
251,Ordzhonikidze,52.4411,61.7408,17.58,96,100,5.46,overcast clouds
252,Suluq,31.6682,20.2521,55.04,72,0,6.58,clear sky
253,Gayny,60.3071,54.3241,5.31,100,86,3.04,overcast clouds
254,Omboue,-1.5746,9.2618,78.85,83,98,3.58,overcast clouds
255,Meulaboh,4.1363,96.1285,76.46,89,95,3.85,overcast clouds
256,Tocopilla,-22.092,-70.1979,74.08,65,91,8.86,overcast clouds
257,Afzalgarh,29.4,78.6833,53.15,63,0,2.95,clear sky
258,Itoman,26.1247,127.6694,66.22,88,75,14.97,light rain
259,Farafangana,-22.8167,47.8333,76.41,88,2,4.56,clear sky
260,Dalvik,65.9702,-18.5286,-2.27,47,97,8.23,overcast clouds
261,Upernavik,72.7868,-56.1549,-6.79,96,100,14.79,overcast clouds
262,Baculin,7.4525,126.5842,75.78,83,100,4.85,overcast clouds
263,Wamba,8.9333,8.6,81.19,13,13,0.63,few clouds
264,Ust-Kulom,61.6864,53.6902,4.03,100,95,1.5,overcast clouds
265,Talnakh,69.4865,88.3972,-7.62,70,14,9.13,few clouds
266,Port Macquarie,-31.4333,152.9167,63.9,78,98,2.59,overcast clouds
267,Ban Dung,17.699,103.2596,77.88,99,36,11.36,scattered clouds
268,Ginda,30.6945,78.4932,40.46,37,0,6.35,clear sky
269,Edd,13.9297,41.6925,77.94,76,90,4.43,overcast clouds
270,Puerto Colombia,10.9878,-74.9547,89.69,68,74,23.29,broken clouds
271,El Alto,-4.2714,-81.2147,87.46,66,95,14.05,overcast clouds
272,Husavik,66.0449,-17.3389,-2.29,80,57,13.11,broken clouds
273,Kamenka,51.3223,42.7678,14.74,95,8,8.03,clear sky
274,Uinskoye,56.8817,56.5813,13.01,98,99,3.51,overcast clouds
275,Baghdad,33.3406,44.4009,57.11,35,0,9.22,clear sky
276,Truth Or Consequences,33.1284,-107.2528,54.91,33,0,4.09,clear sky
277,Likasi,-10.9814,26.7333,62.28,96,99,2.51,light rain
278,Vestmannaeyjar,63.4427,-20.2734,32.99,80,20,28.77,few clouds
279,Ponor,43.1637,22.4508,38.62,81,87,3.91,overcast clouds
280,Mizan Teferi,6.9833,35.5833,67.05,62,29,2.33,scattered clouds
281,Petropavlovsk-Kamchatskiy,53.0452,158.6483,9.19,72,75,2.24,broken clouds
282,Lakhnadon,22.6,79.6,59.67,24,0,0.04,clear sky
283,Poum,-20.2333,164.0167,81.66,77,99,14.34,overcast clouds
284,Te Anau,-45.4167,167.7167,44.35,93,36,1.01,scattered clouds
285,Srivardhan,18.0333,73.0167,72.43,65,0,7.38,clear sky
286,Arraial Do Cabo,-22.9661,-42.0278,82.36,74,40,13.8,scattered clouds
287,North Bend,43.4065,-124.2243,42.71,87,40,3.44,mist
288,Coquimbo,-29.9533,-71.3436,69.44,69,8,7.9,clear sky
289,Nizhniy Kuranakh,58.8353,125.4869,-25.6,100,100,2.64,overcast clouds
290,Zhigansk,66.7697,123.3711,-36.51,100,72,2.33,broken clouds
291,Havre-Saint-Pierre,50.2334,-63.5986,5.59,55,0,10.36,clear sky
292,Bartica,6.4,-58.6167,82.72,68,88,6.06,overcast clouds
293,Kutum,14.2,24.6667,66.18,12,6,9.08,clear sky
294,Yeppoon,-23.1333,150.7333,69.58,79,37,16.89,scattered clouds
295,Kaitangata,-46.2817,169.8464,46.29,94,21,3.09,few clouds
296,Leh,34.1667,77.5833,3.83,83,85,0.98,overcast clouds
297,Tuatapere,-46.1333,167.6833,43.83,92,10,5.19,clear sky
298,Praia Da Vitoria,38.7333,-27.0667,60.76,72,75,7.94,broken clouds
299,Bam,29.106,58.357,51.44,57,100,8.79,overcast clouds
300,Taltal,-25.4,-70.4833,71.69,68,13,8.55,few clouds
301,Mednogorsk,51.4128,57.595,16.95,97,100,10.54,overcast clouds
302,Atasu,48.6814,71.6433,26.28,96,100,13.29,light snow
303,Kendal,54.3268,-2.7476,47.84,97,100,10.87,overcast clouds
304,Basco,20.4487,121.9702,77.25,80,100,14.2,overcast clouds
305,Fortuna,40.5982,-124.1573,46.74,55,85,2.91,overcast clouds
306,Qadirpur Ran,30.2924,71.6712,58.89,36,1,8.39,clear sky
307,Harindanga,22.0383,88.3214,64.38,43,5,6.76,clear sky
308,Rawlins,41.7911,-107.2387,39.63,43,96,23.15,overcast clouds
309,Gebre Guracha,9.8,38.4,60.55,31,4,6.91,clear sky
310,Kyren,51.6828,102.1408,-6.95,96,99,1.21,overcast clouds
311,Leningradskiy,69.3833,178.4167,-17.34,94,95,5.99,overcast clouds
312,Tilichiki,60.4667,166.1,-19.44,93,7,9.91,clear sky
313,Quelimane,-17.8786,36.8883,76.1,90,100,3.71,overcast clouds
314,Okhotsk,59.3833,143.3,-14.55,80,1,10.76,clear sky
315,Challapata,-18.9,-66.7667,56.08,56,93,3.56,overcast clouds
316,Norman Wells,65.282,-126.8329,-14.76,70,75,8.05,broken clouds
317,Boa Vista,2.8197,-60.6733,89.58,45,75,16.11,broken clouds
318,Okha,53.5739,142.9478,-10.7,96,20,9.04,few clouds
319,The Pas,53.8251,-101.2541,5.02,72,100,4.61,overcast clouds
320,Eureka,40.8021,-124.1637,47.01,64,97,4.25,overcast clouds
321,Muli,2.9167,73.5667,81.93,77,100,15.08,light rain
322,Makat,47.6469,53.3463,21.61,91,6,13.09,clear sky
323,Nuuk,64.1835,-51.7216,9.88,92,100,11.01,overcast clouds
324,Narasannapeta,18.4167,84.05,66.24,53,7,3.89,clear sky
325,Isangel,-19.55,169.2667,78.91,94,75,4.61,broken clouds
326,Katherine,-14.4667,132.2667,77.32,88,85,4.61,overcast clouds
327,Tiksi,71.6872,128.8694,-13.52,94,14,11.65,few clouds
328,Aksha,50.2814,113.2867,-18.33,100,85,1.45,overcast clouds
329,San Andres,12.5847,-81.7006,86.02,66,40,16.11,scattered clouds
330,Bilma,18.6853,12.9164,71.02,10,0,6.24,clear sky
331,Buchanan,5.8808,-10.0467,84.16,79,40,8.16,scattered clouds
332,Ust-Ilimsk,58.0006,102.6619,-24.57,100,15,2.77,few clouds
333,Karratha,-20.7377,116.8463,84.65,63,87,9.48,overcast clouds
334,Xinmin,41.9908,122.8253,17.85,91,100,13.85,light snow
335,General Pico,-35.6566,-63.7568,79.9,24,0,10.49,clear sky
336,Kongoussi,13.3258,-1.5347,81.37,10,0,9.91,clear sky
337,Pampa,35.5362,-100.9599,57.56,24,0,4.61,clear sky
338,Codrington,-38.2667,141.9667,59.95,90,60,7.2,broken clouds
339,Lompoc,34.6391,-120.4579,85.57,26,0,8.05,clear sky
340,Alyangula,-13.8483,136.4192,73.27,100,6,0.0,clear sky
341,Monte Patria,-30.6919,-70.9467,82.22,37,0,11.5,clear sky
342,Olovyannaya,50.95,115.5667,-27.9,100,56,3.47,broken clouds
343,Nicoya,10.1483,-85.452,89.15,36,4,12.24,clear sky
344,Sept-Iles,50.2001,-66.3821,4.05,59,40,10.36,scattered clouds
345,Henties Bay,-22.116,14.2845,73.85,81,8,4.79,moderate rain
346,Port Lincoln,-34.7333,135.8667,65.64,88,84,10.89,broken clouds
347,Longyearbyen,78.2186,15.6401,13.84,92,75,2.3,light snow
348,Chapais,49.7834,-74.8492,-7.82,79,100,3.11,overcast clouds
349,Egvekinot,66.3167,-179.1667,-19.95,92,92,6.93,overcast clouds
350,Samarai,-10.6167,150.6667,80.1,76,45,6.17,scattered clouds
351,Juba,4.8517,31.5825,85.08,28,48,1.57,scattered clouds
352,Vilhena,-12.7406,-60.1458,71.82,94,75,2.3,thunderstorm with light rain
353,Mahasamund,21.1,82.1,62.87,24,2,2.89,clear sky
354,Waddan,29.1614,16.139,56.89,37,0,10.38,clear sky
355,Qianan,44.9932,124.0581,-0.13,95,100,7.7,overcast clouds
356,Faya,18.3851,42.4509,59.11,43,49,4.94,scattered clouds
357,Niquelandia,-14.4739,-48.4597,72.61,90,100,2.46,overcast clouds
358,Beroroha,-21.6667,45.1667,79.57,67,8,1.59,light rain
359,Matara,5.9485,80.5353,74.28,86,100,10.71,overcast clouds
360,Chiang Klang,19.2938,100.8617,65.34,48,10,1.88,clear sky
361,Honiara,-9.4333,159.95,78.01,86,97,4.27,overcast clouds
362,Harper,4.375,-7.7169,78.96,82,48,7.05,scattered clouds
363,Altamont,42.2068,-121.7372,53.78,56,94,1.99,overcast clouds
364,Humaita,-7.5061,-63.0208,80.35,89,100,3.53,light rain
365,Hovd,48.0056,91.6419,-13.13,81,15,2.51,few clouds
366,Lagoa,39.05,-27.9833,56.5,62,88,6.26,overcast clouds
367,Ust-Ishim,57.6935,71.1665,1.89,98,98,3.2,overcast clouds
368,Yashkul,46.1711,45.3435,32.86,57,0,6.91,clear sky
369,Ghotki,28.006,69.3161,65.43,21,0,8.37,clear sky
370,Punta Umbria,37.1821,-6.9661,60.24,67,100,10.25,overcast clouds
371,Pingliang,35.5392,106.6861,20.53,90,29,5.12,scattered clouds
372,Tiarei,-17.5333,-149.3333,86.02,76,88,16.84,light rain
373,Beringovskiy,63.05,179.3167,-27.9,97,11,5.79,few clouds
374,Tonekabon,36.8163,50.8738,48.15,85,100,2.04,overcast clouds
375,Saint-Augustin,51.226,-58.6502,3.81,72,3,13.4,clear sky
376,Acapulco,16.8634,-99.8901,86.43,48,59,8.3,broken clouds
377,Sisimiut,66.9395,-53.6735,5.56,94,100,28.77,light snow
378,Ancud,-41.8697,-73.8203,80.22,73,26,6.87,scattered clouds
379,Doctor Juan Leon Mallorquin,-25.4,-55.2667,92.93,31,13,7.56,few clouds
380,Ballina,-28.8667,153.5667,66.16,96,75,6.91,broken clouds
381,San Patricio,28.017,-97.5169,62.69,22,0,6.93,clear sky
382,Bireun,5.203,96.7009,77.74,79,100,3.13,overcast clouds
383,Jipijapa,-1.3333,-80.5833,76.5,68,89,5.14,light rain
384,Labytnangi,66.6572,66.4183,-17.68,100,100,1.66,overcast clouds
385,Lodja,-3.4833,23.4333,70.95,89,88,1.95,overcast clouds
386,Broome,42.2506,-75.833,25.63,59,100,5.99,overcast clouds
387,Darnah,32.767,22.6367,56.12,69,0,9.62,clear sky
388,Grand Gaube,-20.0064,57.6608,81.37,78,90,5.99,overcast clouds
389,Xinzhou,38.4092,112.7333,20.43,57,0,5.59,clear sky
390,Tautira,-17.7333,-149.15,86.02,77,95,16.51,light rain
391,Nemuro,43.3236,145.575,26.6,84,99,9.1,overcast clouds
392,Naryan-Mar,67.6713,53.087,0.95,98,54,8.46,broken clouds
393,Carora,10.1755,-70.0827,93.29,28,54,7.78,broken clouds
394,Haysville,37.5645,-97.3523,42.42,36,0,9.22,clear sky
395,Mbandaka,0.0487,18.2603,77.0,75,100,5.37,overcast clouds
396,Lokosovo,61.1333,74.8167,-10.89,100,98,7.0,overcast clouds
397,Bima,-8.4667,118.7167,76.21,92,100,1.59,overcast clouds
398,Necochea,-38.5473,-58.7368,75.04,34,0,7.72,clear sky
399,Raudeberg,61.9875,5.1352,41.67,94,100,3.0,light rain
400,Touros,-5.1989,-35.4608,88.7,66,8,13.13,clear sky
401,Villamaria,5.0449,-75.5146,68.47,100,75,5.75,fog
402,Kulim,5.365,100.5618,79.5,95,77,4.18,broken clouds
403,Newport,51.5877,-2.9984,52.18,91,100,1.01,overcast clouds
404,Snasa,64.2457,12.3778,33.21,97,100,5.97,overcast clouds
405,Vozhega,60.4725,40.2213,22.23,96,100,7.96,light snow
406,Santa Pola,38.1917,-0.5658,57.49,79,0,11.99,clear sky
407,Saldanha,-33.0117,17.9442,71.65,89,0,20.76,clear sky
408,Port Blair,11.6667,92.75,75.24,78,20,4.61,mist
409,Zaria,11.1113,7.7227,76.17,12,28,10.87,scattered clouds
410,Flinders,-34.5833,150.8552,67.37,80,100,5.01,overcast clouds
411,Awjilah,29.1081,21.2869,57.76,46,48,6.53,scattered clouds
412,Baruun-Urt,46.6806,113.2792,-16.96,99,72,2.68,broken clouds
413,Pangai,-19.8,-174.35,80.71,74,20,12.66,few clouds
414,Superior,46.7208,-92.1041,12.43,43,0,6.91,clear sky
415,Ramhormoz,31.28,49.6035,60.4,52,0,3.38,clear sky
416,Mae Hong Son,19.3003,97.9685,58.8,36,95,1.83,overcast clouds
417,Walvis Bay,-22.9575,14.5053,76.15,73,1,8.05,light rain
418,Pueblo Nuevo,23.3833,-105.3833,64.49,15,100,4.21,overcast clouds
419,Stornoway,58.2093,-6.3865,40.96,96,75,8.05,broken clouds
420,Yarkovo,57.4028,67.0786,-8.59,100,64,0.72,broken clouds
421,Mvangue,2.9667,11.5167,76.15,65,49,5.75,scattered clouds
422,Havelock,34.8791,-76.9013,46.63,92,100,13.8,overcast clouds
423,Kibala,9.1104,18.3463,87.75,19,0,0.0,clear sky
424,Karoi,-16.8099,29.6925,65.71,91,54,3.69,broken clouds
425,Ketchikan,55.3422,-131.6461,42.78,86,100,2.39,overcast clouds
426,Lucapa,-8.4192,20.7447,66.27,98,100,2.98,light rain
427,Hofn,64.2539,-15.2082,21.52,58,15,10.78,few clouds
428,Taft,31.7471,54.2088,44.55,46,0,4.61,clear sky
429,Cairns,-16.9167,145.7667,76.95,84,40,9.22,scattered clouds
430,Pasni,25.2631,63.471,71.15,70,94,9.35,overcast clouds
431,Arlit,18.7369,7.3853,73.58,10,0,7.02,clear sky
432,Krasnyy Chikoy,50.3643,108.7512,-28.1,100,43,1.7,scattered clouds
433,Iqaluit,63.7506,-68.5145,-18.31,75,75,2.3,broken clouds
434,Tezu,27.9167,96.1667,54.01,46,0,5.06,clear sky
435,Kashi,39.4547,75.9797,33.01,43,0,2.24,clear sky
436,Behat,30.1667,77.6167,53.15,65,0,4.14,clear sky
437,Jacareacanga,-6.2222,-57.7528,81.7,87,87,3.0,overcast clouds
438,Bumba,2.1833,22.4667,80.2,34,81,2.55,broken clouds
439,Sao Miguel Do Araguaia,-13.275,-50.1628,77.49,84,87,6.17,overcast clouds
440,Vanavara,60.34,102.2797,-23.15,99,24,4.23,few clouds
441,San Quintin,30.4833,-115.95,75.97,17,8,5.28,clear sky
442,Atikokan,48.7555,-91.6216,-0.98,81,100,5.7,overcast clouds
443,Inirida,3.8653,-67.9239,96.15,37,61,3.04,broken clouds
444,Morondava,-20.2833,44.2833,80.33,84,67,1.19,moderate rain
445,Tanete,-3.9443,119.7848,73.38,94,100,1.99,overcast clouds
446,Grezzana,45.5203,11.0177,41.9,57,0,1.14,clear sky
447,Dawei,14.0833,98.2,72.99,82,11,2.13,few clouds
448,Marsh Harbour,26.5412,-77.0636,76.05,79,100,20.13,overcast clouds
449,Astoria,46.1879,-123.8313,50.86,70,0,4.61,clear sky
450,Chicama,-7.8447,-79.1469,70.34,52,94,12.03,overcast clouds
451,Borovoy,55.4333,86.0833,16.88,86,100,8.95,snow
452,Pavlysh,48.9176,33.3569,31.62,58,4,6.08,clear sky
453,Alghero,40.5589,8.3181,49.98,87,0,1.14,clear sky
454,Saint Anthony,45.0205,-93.218,8.91,53,20,8.05,few clouds
455,Atlantic Beach,30.3344,-81.3987,65.05,77,100,8.23,overcast clouds
456,Salinas,36.6777,-121.6555,76.82,30,2,1.9,clear sky
457,Vila Franca Do Campo,37.7167,-25.4333,63.19,70,5,5.79,clear sky
458,Fairbanks,64.8378,-147.7164,11.23,83,100,0.0,mist
459,Concepcion,-36.827,-73.0498,66.02,73,41,11.25,scattered clouds
460,Urengoy,65.9667,78.3667,-7.62,97,48,9.75,scattered clouds
461,Benxi,41.2886,123.765,16.12,92,100,3.74,light snow
462,Bandarbeyla,9.4942,50.8122,75.56,64,6,18.88,clear sky
463,Muros,42.7762,-9.0603,54.23,73,13,19.13,few clouds
464,Luanda,-8.8368,13.2343,78.8,73,20,6.91,few clouds
465,Sarlat-La-Caneda,44.889,1.2166,54.27,82,100,9.86,overcast clouds
466,Lorengau,-2.0226,147.2712,80.4,78,100,1.54,overcast clouds
467,Ndioum,16.5129,-14.6471,91.29,11,61,10.92,broken clouds
468,Udachnyy,66.4167,112.4,-21.95,95,48,1.52,scattered clouds
469,Wilmington Island,32.0036,-80.9737,65.08,58,75,6.91,broken clouds
470,Quepos,9.4236,-84.1652,96.78,59,6,7.76,clear sky
471,Dumas,35.8656,-101.9732,52.11,22,0,10.36,clear sky
472,Krasnoborsk,61.5598,45.934,4.98,98,44,4.07,scattered clouds
473,Mehamn,71.0357,27.8492,19.35,79,0,23.02,light snow
474,Severo-Kurilsk,50.6789,156.125,21.96,70,43,9.17,scattered clouds
475,Anchorage,61.2181,-149.9003,30.87,95,100,3.44,fog
476,Banjar,-8.19,114.9675,78.66,91,99,3.18,overcast clouds
477,Lingao,19.9103,109.6859,62.53,90,100,13.53,overcast clouds
478,Bongandanga,1.5,21.05,80.96,30,80,3.67,broken clouds
479,Pisco,-13.7,-76.2167,77.05,57,0,8.05,clear sky
480,Hanting,36.7708,119.2108,31.96,92,100,8.01,overcast clouds
481,Kloulklubed,7.0419,134.2556,80.82,83,100,20.27,overcast clouds
482,Clyde River,70.4692,-68.5914,-23.57,69,0,19.57,haze
483,Grosseto,42.8333,11.25,50.81,87,100,2.98,overcast clouds
484,Busayra,30.7376,35.6078,47.17,40,0,3.76,clear sky
485,Nizwa,22.9333,57.5333,65.46,58,0,3.91,clear sky
486,Zeya,53.75,127.2667,2.12,91,100,4.54,overcast clouds
487,Mezen,65.8522,44.24,0.14,99,72,4.25,broken clouds
488,Point Pedro,9.8167,80.2333,78.48,70,35,13.6,scattered clouds
489,Aykhal,66.0,111.5,-8.73,51,11,1.48,few clouds
490,Korla,41.7597,86.1469,29.73,45,0,4.72,clear sky
491,Dunedin,-45.8742,170.5036,53.8,79,9,1.01,clear sky
492,Beloha,-25.1667,45.05,76.06,87,32,16.15,scattered clouds
493,Sabha,27.0377,14.4283,58.23,23,0,9.08,clear sky
494,Zarichne,51.8126,26.129,30.47,68,39,9.53,scattered clouds
495,La Romana,18.4273,-68.9728,88.16,55,40,71.36,scattered clouds
496,Nenjiang,49.1833,125.2167,-13.18,100,86,3.09,overcast clouds
497,Wajima,37.4,136.9,39.29,67,100,21.07,overcast clouds
498,High Level,58.5169,-117.136,-3.89,77,20,6.91,few clouds
499,Abnub,27.2696,31.1511,62.82,37,0,9.86,clear sky
500,Carroll,39.5501,-77.0164,33.42,60,100,4.0,snow
501,Mackenzie,55.2999,-123.1698,26.82,86,0,2.3,clear sky
502,Campos Belos,-13.0367,-46.7717,77.27,78,66,3.67,broken clouds
503,Ikalamavony,-21.15,46.5833,68.9,83,32,7.52,scattered clouds
504,Almaznyy,48.0448,40.045,26.74,90,5,4.16,clear sky
505,Cayenne,4.9333,-52.3333,82.44,85,75,13.8,broken clouds
506,Selfoss,63.9331,-20.9971,32.88,91,100,7.47,light snow
507,Trincomalee,8.5711,81.2335,79.92,72,93,15.57,overcast clouds
508,Manono,-7.3,27.4167,69.85,95,100,3.29,overcast clouds
509,Vila Velha,-20.3297,-40.2925,84.15,79,75,16.11,broken clouds
510,Skjervoy,70.0311,20.9714,23.18,70,100,12.33,overcast clouds
511,Eyl,7.9803,49.8164,75.33,71,75,19.86,broken clouds
512,Erenhot,43.6475,111.9767,-6.27,92,6,4.9,clear sky
513,Charters Towers,-20.1,146.2667,69.31,80,1,7.34,clear sky
514,Bud,39.447,-86.1758,26.47,67,100,7.52,overcast clouds
515,Caravelas,-17.7125,-39.2481,81.57,70,89,11.07,overcast clouds
516,Shelburne,44.0787,-80.2041,12.56,67,100,3.42,overcast clouds
517,Fukuma,33.7667,130.4667,46.15,84,100,9.69,overcast clouds
518,Mattru,7.6244,-11.8332,82.31,64,24,7.83,few clouds
519,Cabo Rojo,18.0866,-67.1457,85.24,66,38,5.99,scattered clouds
520,Ngunguru,-35.6167,174.5,59.16,70,77,7.27,broken clouds
521,Ushtobe,45.2514,77.9838,25.38,89,100,3.85,overcast clouds
522,Ovalle,-30.5983,-71.2003,82.04,39,0,13.35,clear sky
523,San Cristobal,7.7669,-72.225,80.78,35,99,5.64,overcast clouds
524,Neiafu,-18.65,-173.9833,79.48,83,40,8.05,scattered clouds
525,Luba,3.4568,8.5547,82.29,79,100,8.39,overcast clouds
526,Bhatkal,13.9667,74.5667,75.0,77,0,3.74,clear sky
527,Maple Creek,49.9168,-109.4848,41.41,48,67,13.8,broken clouds
528,Ust-Nera,64.5667,143.2,-35.36,96,57,1.95,broken clouds
529,Porto Novo,6.4965,2.6036,84.02,72,13,9.01,few clouds
530,Ati,13.2154,18.3353,80.17,11,63,11.56,broken clouds
531,Noshiro,40.2039,140.0242,21.72,79,38,5.12,scattered clouds
532,Mackay,-21.15,149.2,76.98,78,40,21.85,scattered clouds
533,Tsabong,-26.0217,22.401,85.68,20,52,6.49,broken clouds
534,Takoradi,4.8845,-1.7554,80.67,81,17,10.96,few clouds
535,Mayumba,-3.432,10.6554,78.64,85,100,4.59,overcast clouds
536,Road Town,18.4167,-64.6167,75.24,88,40,17.27,scattered clouds
537,Zheleznodorozhnyy,55.7503,38.0042,30.38,89,100,9.37,light snow
538,Bonthe,7.5264,-12.505,79.77,79,17,9.22,few clouds
539,Ichchapuram,19.1167,84.7,64.58,55,47,4.38,scattered clouds
540,Wattegama,6.7989,81.4808,70.57,91,100,3.8,overcast clouds
541,Rawson,-43.3002,-65.1023,89.91,20,0,19.62,clear sky
542,Srikakulam,18.3,83.9,67.01,54,7,3.87,clear sky
543,Nuevitas,21.5453,-77.2644,86.02,52,0,2.53,clear sky
544,Komsomolskiy,40.4272,71.7189,36.32,93,75,0.0,mist
545,Olinda,-8.0089,-34.8553,87.53,66,40,10.36,scattered clouds
546,Qaqortoq,60.7167,-46.0333,26.71,87,100,9.37,overcast clouds
547,Venice,27.0998,-82.4543,74.05,80,0,6.91,clear sky
548,Swan Hill,-35.3378,143.5544,77.45,33,88,9.15,overcast clouds
549,Usinsk,65.9939,57.5281,10.31,96,99,9.53,overcast clouds
550,Ajdabiya,30.7554,20.2263,56.25,67,0,6.8,clear sky
551,Linkoping,58.4109,15.6216,38.59,88,100,13.8,overcast clouds
552,Samana,19.2056,-69.3369,84.42,74,20,9.22,few clouds
553,Matay,28.419,30.7792,59.49,53,3,14.03,clear sky
554,Rassvet,46.8333,40.75,30.61,76,0,4.47,clear sky
555,Monroe,43.1501,-77.6831,20.46,77,100,11.5,overcast clouds
556,Rodrigues Alves,-7.738,-72.6509,71.8,83,65,2.68,broken clouds
557,Chumikan,54.7183,135.315,-12.71,94,98,4.99,overcast clouds
558,Mount Isa,-20.7333,139.5,71.37,100,57,0.0,broken clouds
559,Flin Flon,54.7682,-101.865,3.04,72,75,5.75,broken clouds
560,Bolobo,-2.1667,16.2333,75.49,82,100,4.83,light rain
561,Baykit,61.67,96.37,-15.36,100,97,3.6,overcast clouds
562,Emerald,-23.5333,148.1667,69.94,83,0,5.75,clear sky
563,Agadir,30.4202,-9.5982,63.05,59,0,9.89,clear sky
564,Hervey Bay,-25.2986,152.8535,68.11,78,7,17.27,clear sky
565,The Valley,18.217,-63.0578,80.74,69,20,17.27,few clouds
566,Colares,38.7992,-9.4469,58.33,84,75,20.0,mist
567,Bobon,12.5246,124.5636,74.19,91,100,6.11,overcast clouds
568,Mago,53.2514,140.1822,-15.18,100,91,0.45,overcast clouds
569,Alto Piquiri,-24.0281,-53.4406,87.49,48,80,4.27,broken clouds
570,Trelew,-43.249,-65.3051,97.43,10,0,15.68,clear sky
571,Kintinku,-5.8833,35.2333,67.62,94,93,4.0,moderate rain
572,Axim,4.8699,-2.2405,79.5,84,8,7.72,light rain
573,Medea,36.2642,2.7539,43.25,59,6,4.18,clear sky
574,Ahuimanu,21.4447,-157.8378,76.46,77,20,9.22,few clouds
575,Broken Hill,-31.95,141.4333,80.31,29,100,13.8,overcast clouds
576,Los Llanos De Aridane,28.6585,-17.9182,63.12,76,20,10.36,few clouds
577,Dongkan,33.9997,119.8308,36.54,76,8,3.96,clear sky
578,Kumluca,36.3703,30.2869,51.67,72,91,1.25,overcast clouds
579,Tiznit,29.5833,-9.5,57.6,58,0,6.08,clear sky
580,Concordia,-31.393,-58.0209,77.07,38,0,5.75,clear sky
581,Bulungu,-4.55,18.6,71.19,95,100,3.0,overcast clouds
582,Solnechnyy,50.7214,136.6319,9.12,95,100,4.61,overcast clouds
583,Santa Cruz,-17.8,-63.1667,83.66,51,75,17.27,broken clouds
584,Buala,-8.145,159.5921,79.12,80,100,4.38,light rain
585,Taiobeiras,-15.8078,-42.2331,73.92,85,79,5.23,broken clouds
586,Kodinsk,58.6881,99.1844,-19.68,100,59,3.02,broken clouds
587,Baiyin,36.5583,104.2081,22.08,83,9,0.65,clear sky
588,Mareeba,-17.0,145.4333,72.32,91,14,2.26,few clouds
589,Kalispell,48.1958,-114.3129,39.78,61,97,1.01,overcast clouds
590,Singaraja,-8.112,115.0882,77.97,85,96,3.67,overcast clouds
591,Skelleftea,64.7507,20.9528,34.16,93,0,8.05,clear sky
592,Waltershausen,50.9,10.5667,40.86,83,70,12.35,broken clouds
593,Sergeyevka,53.88,67.4158,3.29,97,100,5.97,overcast clouds
594,Heiligenhafen,54.3667,10.9833,40.98,65,100,20.0,overcast clouds
595,Reconquista,-29.15,-59.65,88.45,16,0,5.88,clear sky
596,Makakilo City,21.3469,-158.0858,75.29,83,20,5.75,few clouds
597,Cabo San Lucas,22.8909,-109.9124,83.61,52,98,5.01,overcast clouds
598,Antofagasta,-23.65,-70.4,72.21,61,73,10.92,broken clouds
599,Labuan,5.2767,115.2417,80.76,94,20,2.3,few clouds
600,Tsevie,6.4261,1.2133,83.28,64,77,6.6,light rain
601,Mamburao,13.25,120.6667,75.7,80,100,4.09,overcast clouds
602,Lagos,6.5833,3.75,86.32,77,6,7.81,clear sky
603,Kirakira,-10.4544,161.9205,79.25,84,100,8.32,overcast clouds
604,Toucheng,24.8592,121.8233,60.89,93,100,10.92,light rain
605,Chernyakhovsk,54.6335,21.8156,33.91,73,100,13.4,overcast clouds
606,Moengo,5.6167,-54.4,80.56,80,41,5.84,scattered clouds
607,Hualmay,-11.0964,-77.6139,76.71,69,10,12.19,clear sky
608,Melfi,40.9965,15.6514,44.49,78,69,2.3,broken clouds
609,Goiatuba,-18.0125,-49.3547,77.61,77,94,7.49,overcast clouds
610,Sao Joao Do Piaui,-8.3581,-42.2467,80.62,76,100,2.53,overcast clouds
611,Sao Joao Da Barra,-21.6403,-41.0511,82.49,84,11,12.73,few clouds
612,Nabire,-3.3667,135.4833,75.74,92,100,3.8,overcast clouds
613,Bilibino,68.0546,166.4372,-32.55,100,86,2.44,overcast clouds
614,Hata,26.7461,83.7403,54.82,69,0,5.46,clear sky
615,Wanning,18.8003,110.3967,69.78,90,100,12.33,overcast clouds
616,Noumea,-22.2763,166.4572,80.01,99,100,5.64,overcast clouds
617,Pechenga,69.5259,31.1703,14.86,88,100,9.86,light snow
618,Bendigo,-36.7667,144.2833,70.57,52,0,7.38,clear sky
619,Iquique,-20.2208,-70.1431,74.12,65,69,7.78,broken clouds
620,Prince Rupert,54.3161,-130.3201,41.09,93,100,4.61,light rain
621,Fuerte Olimpo,-21.0415,-57.8738,101.91,22,72,5.08,broken clouds
622,Thinadhoo,0.5333,72.9333,82.08,75,90,10.54,overcast clouds
623,Menongue,-14.6585,17.691,64.76,93,98,3.47,overcast clouds
624,Derzhavinsk,51.1,66.3167,16.14,96,100,6.98,overcast clouds
625,Maragogi,-9.0122,-35.2225,83.95,67,7,14.72,clear sky
626,Mansa,29.9833,75.3833,51.91,71,0,6.44,clear sky
627,Gornyak,50.9942,81.4661,21.45,88,100,20.47,overcast clouds
628,Saryagash,41.4511,69.1701,39.16,78,100,4.74,overcast clouds
629,Polovinnoye,54.7914,65.9864,7.36,95,100,6.11,overcast clouds
630,Bilkha,21.4333,70.6,65.7,40,0,5.97,clear sky
631,Yacuiba,-22.038,-63.6797,78.64,49,90,5.59,overcast clouds
632,Bearsden,55.9154,-4.3328,42.96,94,100,2.3,light rain
633,Hay River,60.8156,-115.7999,-14.82,76,75,3.44,broken clouds
634,Pangody,65.85,74.4859,-13.97,95,82,8.99,broken clouds
635,Sultanpur,26.2667,82.0667,54.05,60,0,3.6,clear sky
636,Luganville,-15.5333,167.1667,79.32,86,100,9.31,overcast clouds
637,Aleksandrovsk-Sakhalinskiy,50.8975,142.1561,-3.24,100,96,4.79,overcast clouds
638,Masallatah,32.6167,14.0,54.09,64,0,8.79,clear sky
639,Antalaha,-14.9003,50.2788,76.03,89,21,5.12,few clouds
640,Brasov,45.75,25.3333,32.2,83,100,2.93,overcast clouds
641,Rio Gallegos,-51.6226,-69.2181,59.05,20,20,51.79,few clouds
642,Cap Malheureux,-19.9842,57.6142,81.46,78,89,5.99,overcast clouds
643,Kangaatsiaq,68.3065,-53.4641,12.36,83,100,22.24,overcast clouds
644,Xiuyan,40.2928,123.2744,24.35,89,100,4.47,light snow
645,Zonguldak,41.25,31.8333,36.52,96,100,3.42,overcast clouds
646,Sussex,41.1834,-74.6663,32.67,70,100,1.99,snow
647,Nogliki,51.8333,143.1667,-10.52,95,10,7.72,clear sky
648,Raga,8.4596,25.678,77.05,13,22,3.91,few clouds
649,Goldsboro,35.3849,-77.9928,50.31,57,0,12.66,clear sky
650,Khandyga,62.6667,135.6,-41.57,100,73,2.35,broken clouds
651,Mount Pleasant,32.7941,-79.8626,63.3,71,40,5.75,scattered clouds
652,Deputatskiy,69.3,139.9,-21.26,95,88,6.78,overcast clouds
653,Loding,67.3,14.75,31.91,81,75,16.11,light snow
654,Kamariotissa,40.4833,25.4667,42.82,66,11,23.96,few clouds
655,Pandan,14.0453,124.1694,76.35,83,38,10.02,scattered clouds
656,Ipixuna,-1.7625,-48.8043,82.35,63,86,3.83,overcast clouds
657,Pafos,34.7667,32.4167,55.31,71,40,3.44,scattered clouds
658,Alice Springs,-23.7,133.8833,62.15,72,0,1.14,clear sky
659,Novopokrovka,49.8425,36.5477,23.38,96,6,4.09,clear sky
660,Valparaiso,-33.0393,-71.6273,71.24,75,75,17.27,broken clouds
661,Ulladulla,-35.35,150.4667,61.7,80,100,7.63,overcast clouds
662,Shenjiamen,29.9576,122.298,44.28,83,100,17.18,light rain
663,Dehui,44.5333,125.7,5.31,84,100,10.31,overcast clouds
664,Yuancheng,36.652,107.7896,21.27,82,72,2.46,broken clouds
665,Tisnov,49.3487,16.4244,36.99,60,0,4.0,clear sky
666,Maryville,35.7565,-83.9705,44.19,46,6,10.0,clear sky
667,Kholodnyy,62.7167,147.95,-40.85,100,76,1.34,broken clouds
668,Maloy,61.9353,5.1136,42.53,94,100,3.0,light rain
669,Haradok,55.4624,29.9816,24.12,84,74,12.73,broken clouds
670,Kisangani,0.5167,25.2,77.58,44,88,2.73,overcast clouds
671,Areosa,41.7178,-8.8571,54.66,82,27,16.37,scattered clouds
672,Lander,42.833,-108.7307,50.81,29,43,1.43,scattered clouds
673,Zalesovo,53.9939,84.7431,19.47,95,100,11.9,light snow
674,Kushima,31.4583,131.2333,53.11,95,100,3.44,light rain
675,Kieta,-6.2167,155.6333,78.8,83,90,0.49,overcast clouds
676,Nishihara,26.1842,127.7558,65.48,88,75,14.97,light rain
677,Dongling,41.8144,123.5758,17.69,91,100,10.54,light snow
678,Alvorada,-12.48,-49.1247,80.1,74,98,2.75,overcast clouds
679,Sao Felix Do Xingu,-6.6447,-51.995,78.71,84,96,4.52,overcast clouds
680,Lixourion,38.2019,20.4314,53.53,78,8,4.83,clear sky
681,Lensk,60.7253,114.9278,-26.3,100,26,2.42,scattered clouds
682,Port-Cartier,50.0334,-66.8654,3.74,65,30,5.93,scattered clouds
683,Tabou,4.423,-7.3528,79.03,82,29,7.78,scattered clouds
684,Kovernino,57.1253,43.8142,5.04,100,86,1.68,overcast clouds
685,Ossora,59.2353,163.0719,-9.35,79,68,7.83,broken clouds
686,Constitucion,-35.3333,-72.4167,68.63,70,50,10.07,scattered clouds
687,Koumra,8.9126,17.5539,85.73,12,100,3.36,overcast clouds
688,Angoram,-4.0625,144.0661,73.45,99,100,2.17,overcast clouds
689,Beian,63.6559,9.5683,36.01,87,75,4.61,broken clouds
690,Chake Chake,-5.2459,39.7666,77.95,80,36,8.14,scattered clouds
691,Lappeenranta,61.0587,28.1887,33.85,98,100,13.8,overcast clouds
692,Chaykovskaya,58.1279,55.5378,21.09,99,91,2.59,overcast clouds
693,Coihaique,-45.5752,-72.0662,81.21,36,0,9.22,clear sky
694,Ahmadpur East,29.1431,71.2598,62.91,27,0,9.22,clear sky
695,Bobo Dioulasso,11.1771,-4.2979,90.05,10,0,4.61,clear sky
